[{"fields": {"agl": 2, "name": "Physics", "int": 3, "image": "major_images/physics.png", "basic_attack": "int", "int_multiplier": 1.2, "str_multiplier": 1.2, "agl_multiplier": 1.2, "str": 1, "attack_description": "You read aloud from your unnecessarily expensive text making them think too much"}, "model": "college_life.major", "pk": 1}, {"fields": {"agl": 1, "name": "CompSci", "int": 3, "image": "major_images/compsci.png", "basic_attack": "int", "int_multiplier": 1.2, "str_multiplier": 1.2, "agl_multiplier": 1.2, "str": 2, "attack_description": ""}, "model": "college_life.major", "pk": 2}, {"fields": {"agl": 1, "name": "Sports", "int": 2, "image": "major_images/sports.png", "basic_attack": "str", "int_multiplier": 1.2, "str_multiplier": 1.2, "agl_multiplier": 1.2, "str": 3, "attack_description": ""}, "model": "college_life.major", "pk": 3}, {"fields": {"agl": 2, "name": "Dance", "int": 1, "image": "major_images/dance.png", "basic_attack": "str", "int_multiplier": 1.2, "str_multiplier": 1.2, "agl_multiplier": 1.2, "str": 3, "attack_description": ""}, "model": "college_life.major", "pk": 4}, {"fields": {"agl": 3, "name": "Drama", "int": 1, "image": "major_images/drama.png", "basic_attack": "agl", "int_multiplier": 1.2, "str_multiplier": 1.2, "agl_multiplier": 1.2, "str": 2, "attack_description": ""}, "model": "college_life.major", "pk": 5}, {"fields": {"agl": 3, "name": "Art", "int": 2, "image": "major_images/art.png", "basic_attack": "agl", "int_multiplier": 1.2, "str_multiplier": 1.2, "agl_multiplier": 1.2, "str": 1, "attack_description": ""}, "model": "college_life.major", "pk": 6}, {"fields": {"major": 1, "description": "You try your best to teach this thing intro physics... you don't know what's going on anymore.\r\nIt's never heard such colorful language...", "level": 1, "kind": "agl", "cost": 2, "multiplier": 1.1, "name": "Tutor intro physics"}, "model": "college_life.skill", "pk": 2}, {"fields": {"major": 1, "description": "You show this thing how Newton's 2nd law works.... by applying a force from your fist to it's unmoving face or front, or whatever it has", "level": 2, "kind": "str", "cost": 4, "multiplier": 2.1, "name": "Newton's 2nd Law"}, "model": "college_life.skill", "pk": 3}, {"fields": {"major": 1, "description": "After spending 3 hours lecturing how magnets work, the minds of those around you have shut down.... they start walking into everything", "level": 3, "kind": "int", "cost": 6, "multiplier": 1.5, "name": "How magnet's work"}, "model": "college_life.skill", "pk": 4}, {"fields": {"major": 2, "description": "Using the magic of your keyboard you dazzle them with hundreds of printed strings of \"Hello, world!\"", "level": 1, "kind": "agl", "cost": 2, "multiplier": 2.1, "name": "Hello World"}, "model": "college_life.skill", "pk": 5}, {"fields": {"major": 2, "description": "Being smart you enable your debug mode while working on big project, which is just too smart for your opponent.", "level": 2, "kind": "int", "cost": 4, "multiplier": 1.5, "name": "DEBUG mode True"}, "model": "college_life.skill", "pk": 6}, {"fields": {"major": 2, "description": "After having disabled your debug mode and pushed your code live, you encountered a catastrophic failure. Enraged you smash your keyboard into the first thing you see, which happens to be your opponent.", "level": 3, "kind": "str", "cost": 6, "multiplier": 1.1, "name": "DEBUG mode False"}, "model": "college_life.skill", "pk": 7}, {"fields": {"major": 3, "description": "You pass your mysterious ball into you opponent's face.", "level": 1, "kind": "str", "cost": 2, "multiplier": 1.5, "name": "Pass the ball"}, "model": "college_life.skill", "pk": 8}, {"fields": {"major": 3, "description": "You start to form a plan, which causes untold confusion in your opponent.", "level": 2, "kind": "int", "cost": 4, "multiplier": 2.1, "name": "Huddle"}, "model": "college_life.skill", "pk": 9}, {"fields": {"major": 3, "description": "You gracefully get out of harm's way and dazzle your opponent in the process", "level": 3, "kind": "agl", "cost": 6, "multiplier": 2.1, "name": "Ballet leap"}, "model": "college_life.skill", "pk": 10}, {"fields": {"major": 4, "description": "You dance out you inner feelings, causing you opponent to feel enlightened.", "level": 1, "kind": "agl", "cost": 2, "multiplier": 1.1, "name": "Interpretive"}, "model": "college_life.skill", "pk": 11}, {"fields": {"major": 4, "description": "You grab your opponent round and round and proceed to Do-si-do all over their face.", "level": 2, "kind": "str", "cost": 4, "multiplier": 1.5, "name": "Square Dance"}, "model": "college_life.skill", "pk": 12}, {"fields": {"major": 4, "description": "From the precise movements and perfect patterns of your performance, you cause your opponent to reconsider ever dancing again.", "level": 3, "kind": "int", "cost": 6, "multiplier": 2.1, "name": "Ballroom"}, "model": "college_life.skill", "pk": 13}, {"fields": {"major": 5, "description": "After watching you perform Hamlet as a one man show, you opponent is wondering how Hamlet and Claudius could ever be different people", "level": 1, "kind": "int", "cost": 2, "multiplier": 2.1, "name": "Hamlet (the one man show)"}, "model": "college_life.skill", "pk": 14}, {"fields": {"major": 5, "description": "You call in the stage crew, not to rearrange the set, but to rearrange you opponent's face", "level": 2, "kind": "str", "cost": 4, "multiplier": 1.1, "name": "Stage Crew"}, "model": "college_life.skill", "pk": 15}, {"fields": {"major": 5, "description": "You opponent is left awestruck from the majesty that was Hamlet, the might space epic.", "level": 3, "kind": "agl", "cost": 6, "multiplier": 1.5, "name": "Hamlet (in space)"}, "model": "college_life.skill", "pk": 16}, {"fields": {"major": 6, "description": "You draw a caricature of you opponent highlighting their deepest flaws.", "level": 1, "kind": "int", "cost": 2, "multiplier": 1.1, "name": "Caricature"}, "model": "college_life.skill", "pk": 17}, {"fields": {"major": 6, "description": "You start wildly throwing your paint at your opponent, not noticing you smash them with a few unopened cans.", "level": 2, "kind": "str", "cost": 4, "multiplier": 2.1, "name": "Abstract expressionism"}, "model": "college_life.skill", "pk": 18}, {"fields": {"major": 6, "description": "You get into the zone, creating just luscious landscapes, with many, many little green trees and happy bushes.", "level": 3, "kind": "agl", "cost": 6, "multiplier": 1.5, "name": "Landscape"}, "model": "college_life.skill", "pk": 19}, {"fields": {"major": 1, "agl": 4, "name": "testing mctester", "mp_max": 9, "mp": 9, "int": 6, "hp": 32, "level": 2, "xp_next": 40000, "user": 1, "str": 2, "gp": 1656, "xp": 30696, "hp_max": 32}, "model": "college_life.character", "pk": 2}, {"fields": {"xp_drop": 746, "name": "Mono", "level": 2, "int": 2, "hp": 0, "basic_attack": "str", "agl": 4, "user": 1, "str": 6, "gp_drop": 84, "image": "monster_images/mono.png", "attack_description": "Great... you got it, even though you are not sure how, everyone else seems to think they know.... oooh, you were kissing..."}, "model": "college_life.monster", "pk": 1}, {"fields": {"gp_drop": 5, "image": "zone_images/quad.png", "xp_drop": 100, "name": "Quad", "level": 1}, "model": "college_life.zone", "pk": 1}, {"fields": {"gp_drop": 0, "image": "zone_images/heath_center.png", "xp_drop": 0, "name": "Health Center", "level": 2}, "model": "college_life.zone", "pk": 2}, {"fields": {"gp_drop": 0, "image": "zone_images/cafeteria.png", "xp_drop": 0, "name": "Cafeteria", "level": 2}, "model": "college_life.zone", "pk": 3}, {"fields": {"gp_drop": 0, "image": "zone_images/sportsball.png", "xp_drop": 0, "name": "SportsBall Field", "level": 3}, "model": "college_life.zone", "pk": 4}, {"fields": {"gp_drop": 0, "image": "zone_images/lecture_hall.png", "xp_drop": 0, "name": "Lecture Hall", "level": 3}, "model": "college_life.zone", "pk": 5}, {"fields": {"agl": 2, "name": "Fashion zombies", "zone": 1, "int": 3, "hp": 6, "basic_attack": "int", "str": 1, "image": "monster_images/fashion_zombies.png", "attack_description": "Mumbling about sales and designer labels the crowd slowly shambles into you."}, "model": "college_life.mob", "pk": 1}, {"fields": {"agl": 3, "name": "Flash Mob", "zone": 1, "int": 1, "hp": 9, "basic_attack": "agl", "str": 2, "image": "monster_images/flash_mob.png", "attack_description": "They appear out of nowhere, bust out a full choreographed routine then slip back into the shadows."}, "model": "college_life.mob", "pk": 2}, {"fields": {"agl": 2, "name": "Flying hacky sack", "zone": 1, "int": 1, "hp": 5, "basic_attack": "str", "str": 3, "image": "monster_images/flying_hacky_sack.png", "attack_description": "flies around randomly until it accidentally hits you"}, "model": "college_life.mob", "pk": 3}, {"fields": {"agl": 2, "name": "Mono", "zone": 2, "int": 1, "hp": 9, "basic_attack": "str", "str": 3, "image": "monster_images/mono.png", "attack_description": "Great... you got it, even though you are not sure how, everyone else seems to think they know.... oooh, you were kissing..."}, "model": "college_life.mob", "pk": 4}, {"fields": {"agl": 3, "name": "Uncommon cold", "zone": 2, "int": 2, "hp": 8, "basic_attack": "agl", "str": 1, "image": "monster_images/uncommon_cold.png", "attack_description": "It atempts to feed off of your chicken soup, stress, and dreams"}, "model": "college_life.mob", "pk": 5}, {"fields": {"agl": 1, "name": "Crazy nurse", "zone": 2, "int": 2, "hp": 5, "basic_attack": "str", "str": 3, "image": "monster_images/crazy_nurse.png", "attack_description": "Wanting to draw blood for everything, even when you don't have an appointment, she, guess what... she tries to draw your blood now"}, "model": "college_life.mob", "pk": 6}, {"fields": {"agl": 3, "name": "Crazed fan", "zone": 4, "int": 1, "hp": 7, "basic_attack": "agl", "str": 2, "image": "monster_images/crazed_fan.png", "attack_description": "It's loud foam finger, louder outfit, and even louder face paint assault any sense of taste you have."}, "model": "college_life.mob", "pk": 7}, {"fields": {"agl": 1, "name": "Sticky Floor", "zone": 4, "int": 3, "hp": 5, "basic_attack": "int", "str": 2, "image": "monster_images/sticky_floor.png", "attack_description": "You don't know what it is, why it's that color, or why you are stuck to it... all you know is it's gross beyond measure."}, "model": "college_life.mob", "pk": 8}, {"fields": {"agl": 1, "name": "Foul ball", "zone": 4, "int": 2, "hp": 8, "basic_attack": "agl", "str": 3, "image": "monster_images/foul_ball.png", "attack_description": "Another thing flying at your face, you just dealt with something like this on the Quad... damnit"}, "model": "college_life.mob", "pk": 9}, {"fields": {"agl": 2, "name": "Evil professor", "zone": 5, "int": 3, "hp": 9, "basic_attack": "int", "str": 1, "image": "monster_images/evil_prof.png", "attack_description": "Tossing at you pop quizzes that are 90% of your grade and reminding you that you need this class to graduate"}, "model": "college_life.mob", "pk": 10}, {"fields": {"agl": 3, "name": "Uber nerd", "zone": 5, "int": 1, "hp": 6, "basic_attack": "agl", "str": 2, "image": "monster_images/uber_nerd.png", "attack_description": "While thinking it really is only a super nerd, it corrects you using the power of it's mind"}, "model": "college_life.mob", "pk": 11}, {"fields": {"agl": 1, "name": "Forgotten homework", "zone": 5, "int": 2, "hp": 8, "basic_attack": "str", "str": 3, "image": "monster_images/forgotten_homework.png", "attack_description": "No longer wanting to stay in the past, it's come not only to remind you it exists, but also of its brethren"}, "model": "college_life.mob", "pk": 12}, {"fields": {"agl": 2, "name": "Mystery meat", "zone": 3, "int": 3, "hp": 9, "basic_attack": "int", "str": 1, "image": "monster_images/mystery_meat.png", "attack_description": "You don't what it is... or why it looks like it has teeth, actually you don't want to know.... did it just smile?"}, "model": "college_life.mob", "pk": 13}, {"fields": {"agl": 2, "name": "Vending machine from hell", "zone": 3, "int": 1, "hp": 8, "basic_attack": "str", "str": 3, "image": "monster_images/vending_machine.png", "attack_description": "It crushes your dreams of a quick snack while it crushes your bones after having fallen on you"}, "model": "college_life.mob", "pk": 14}, {"fields": {"agl": 3, "name": "Pizza", "zone": 3, "int": 2, "hp": 6, "basic_attack": "agl", "str": 1, "image": "monster_images/pizza.png", "attack_description": "It's college pizza, not too good, but also not terrible... I mean it's edible, but since it's all you really eat, it's kind of draining"}, "model": "college_life.mob", "pk": 15}]